Model,EN,MI,PSNR,MSE,SF,SD,VIF,AG,CC,SCD,Qabf
DWT,5.01346758867736,2.62912072930705,63.5718497436913,0.0291878233739965,27.8792052239724,64.5720206009402,0.505252142455226,8.06177961424023,0.84402947058288,0.986504769023453,0.50658523408904
PYRAMID,4.77313008429765,2.35050285175324,62.6051393568054,0.0363209477239891,33.8349701565482,76.1548589875005,0.587802374578223,10.3714088336017,0.815107812284117,1.20063642561281,0.682192262265978
